id,prod_id,model,total
0,0,ASICS,1
1,0,Gel-Kayano,1
2,0,14,4
3,1,adidas,126
4,1,Yeezy,92
5,1,Slide,16
6,2,Nike,373
7,2,Dunk,178
8,2,Low,278
9,2,Retro,224
10,3,Jordan,383
11,3,3,19
12,3,Retro,224
13,4,Jordan,383
14,4,1,310
15,4,Low,278
16,5,Jordan,383
17,5,1,310
18,5,Mid,113
19,5,SE,41
20,6,Nike,373
21,6,SB,23
22,6,Dunk,178
23,6,High,115
24,6,Pro,9
25,7,NikeCraft,1
26,7,General,1
27,7,Purpose,1
28,7,Shoe,1
29,8,Jordan,383
30,8,1,310
31,8,Low,278
32,9,Nike,373
33,9,Dunk,178
34,9,High,115
35,10,adidas,126
36,10,Yeezy,92
37,10,Slide,16
38,11,Nike,373
39,11,Air,140
40,11,VaporMax,11
41,11,2021,5
42,11,FK,4
43,12,Jordan,383
44,12,4,31
45,12,Retro,224
46,13,Nike,373
47,13,Dunk,178
48,13,Low,278
49,13,EMB,3
50,14,adidas,126
51,14,Yeezy,92
52,14,Boost,48
53,14,350,32
54,14,V2,32
55,15,New,57
56,15,Balance,57
57,15,530,4
58,16,Jordan,383
59,16,11,17
60,16,Retro,224
61,17,adidas,126
62,17,Ultra,8
63,17,Boost,48
64,17,4.0,4
65,17,DNA,6
66,18,Jordan,383
67,18,4,31
68,18,Retro,224
69,19,Jordan,383
70,19,1,310
71,19,Mid,113
72,20,Nike,373
73,20,Hot,2
74,20,Step,2
75,20,Air,140
76,20,Terra,2
77,21,Jordan,383
78,21,1,310
79,21,Retro,224
80,21,High,115
81,21,OG,39
82,22,Nike,373
83,22,SB,23
84,22,Dunk,178
85,22,Low,278
86,23,Jordan,383
87,23,1,310
88,23,Mid,113
89,23,Split,2
90,24,Nike,373
91,24,Air,140
92,24,Max,55
93,24,Penny,4
94,24,1,310
95,25,Jordan,383
96,25,1,310
97,25,Retro,224
98,25,High,115
99,25,OG,39
100,26,Jordan,383
101,26,1,310
102,26,High,115
103,26,OG,39
104,27,Jordan,383
105,27,1,310
106,27,Mid,113
107,28,Nike,373
108,28,Dunk,178
109,28,Low,278
110,29,Jordan,383
111,29,1,310
112,29,Retro,224
113,29,High,115
114,29,OG,39
115,30,Jordan,383
116,30,1,310
117,30,Retro,224
118,30,High,115
119,30,OG,39
120,31,New,57
121,31,Balance,57
122,31,550,26
123,32,Jordan,383
124,32,1,310
125,32,Retro,224
126,32,Low,278
127,32,OG,39
128,33,Jordan,383
129,33,1,310
130,33,Low,278
131,34,Nike,373
132,34,Dunk,178
133,34,Low,278
134,35,Jordan,383
135,35,11,17
136,35,Retro,224
137,35,Low,278
138,36,Jordan,383
139,36,1,310
140,36,Mid,113
141,37,adidas,126
142,37,Yeezy,92
143,37,Boost,48
144,37,350,32
145,37,V2,32
146,38,Jordan,383
147,38,4,31
148,38,Retro,224
149,39,Nike,373
150,39,Dunk,178
151,39,Low,278
152,39,Essential,5
153,40,Jordan,383
154,40,11,17
155,40,Retro,224
156,41,Jordan,383
157,41,3,19
158,41,Retro,224
159,42,New,57
160,42,Balance,57
161,42,550,26
162,43,Nike,373
163,43,Air,140
164,43,Humara,2
165,43,LX,6
166,44,Jordan,383
167,44,13,10
168,44,Retro,224
169,45,Jordan,383
170,45,1,310
171,45,Mid,113
172,46,Jordan,383
173,46,4,31
174,46,Retro,224
175,47,Jordan,383
176,47,1,310
177,47,Low,278
178,48,Jordan,383
179,48,5,22
180,48,Retro,224
181,49,Jordan,383
182,49,1,310
183,49,Retro,224
184,49,High,115
185,50,Nike,373
186,50,Dunk,178
187,50,Low,278
188,51,adidas,126
189,51,Yeezy,92
190,51,500,6
191,52,Jordan,383
192,52,1,310
193,52,Retro,224
194,52,High,115
195,52,OG,39
196,53,Nike,373
197,53,Air,140
198,53,VaporMax,11
199,53,Plus,8
200,54,Nike,373
201,54,Air,140
202,54,Max,55
203,54,90,9
204,54,Terrascape,6
205,55,Nike,373
206,55,Dunk,178
207,55,Low,278
208,55,Retro,224
209,56,adidas,126
210,56,Yeezy,92
211,56,Foam,13
212,56,RNR,6
213,57,Jordan,383
214,57,1,310
215,57,Low,278
216,57,SE,41
217,58,adidas,126
218,58,Adilette,5
219,58,22,5
220,58,Slides,5
221,59,Nike,373
222,59,Air,140
223,59,Presto,2
224,60,Nike,373
225,60,Dunk,178
226,60,High,115
227,61,Jordan,383
228,61,4,31
229,61,Retro,224
230,62,Nike,373
231,62,Air,140
232,62,Trainer,5
233,62,1,310
234,62,SP,22
235,63,adidas,126
236,63,Yeezy,92
237,63,Foam,13
238,63,RNNR,8
239,64,Jordan,383
240,64,1,310
241,64,Retro,224
242,64,High,115
243,65,Jordan,383
244,65,11,17
245,65,Retro,224
246,66,Nike,373
247,66,Dunk,178
248,66,Low,278
249,67,Jordan,383
250,67,1,310
251,67,Retro,224
252,67,Low,278
253,67,Golf,10
254,68,Nike,373
255,68,Killshot,2
256,68,2,18
257,69,Nike,373
258,69,SB,23
259,69,Dunk,178
260,69,Low,278
261,70,Jordan,383
262,70,4,31
263,70,Retro,224
264,71,Nike,373
265,71,Air,140
266,71,Force,43
267,71,1,310
268,71,Mid,113
269,72,Jordan,383
270,72,1,310
271,72,Retro,224
272,72,High,115
273,72,OG,39
274,73,Jordan,383
275,73,1,310
276,73,Low,278
277,74,Nike,373
278,74,SB,23
279,74,Dunk,178
280,74,Low,278
281,74,Pro,9
282,75,Jordan,383
283,75,1,310
284,75,Mid,113
285,75,SE,41
286,76,Puma,9
287,76,MB.01,9
288,76,LaMelo,9
289,76,Ball,9
290,77,Nike,373
291,77,Air,140
292,77,Force,43
293,77,1,310
294,77,Low,278
295,77,'07,17
296,78,Jordan,383
297,78,3,19
298,78,Retro,224
299,79,Jordan,383
300,79,1,310
301,79,Low,278
302,79,SE,41
303,80,Nike,373
304,80,Air,140
305,80,Max,55
306,80,97,7
307,81,Jordan,383
308,81,1,310
309,81,Retro,224
310,81,High,115
311,82,adidas,126
312,82,Yeezy,92
313,82,Boost,48
314,82,350,32
315,82,V2,32
316,83,Converse,9
317,83,Chuck,6
318,83,Taylor,6
319,83,All-Star,6
320,83,70,5
321,83,Hi,7
322,84,Nike,373
323,84,Dunk,178
324,84,Low,278
325,85,Nike,373
326,85,Air,140
327,85,Trainer,5
328,85,1,310
329,85,Utility,2
330,85,SP,22
331,86,Jordan,383
332,86,1,310
333,86,Retro,224
334,86,High,115
335,86,OG,39
336,87,Jordan,383
337,87,1,310
338,87,Retro,224
339,87,High,115
340,87,OG,39
341,88,Jordan,383
342,88,12,10
343,88,Retro,224
344,88,Low,278
345,88,Golf,10
346,89,Jordan,383
347,89,1,310
348,89,High,115
349,89,Zoom,11
350,89,Air,140
351,89,CMFT,7
352,90,Nike,373
353,90,Cortez,6
354,90,SP,22
355,91,Jordan,383
356,91,1,310
357,91,Mid,113
358,91,SE,41
359,92,Jordan,383
360,92,7,7
361,92,Retro,224
362,93,Jordan,383
363,93,1,310
364,93,Retro,224
365,93,High,115
366,93,OG,39
367,94,Nike,373
368,94,Blazer,21
369,94,Mid,113
370,94,77,12
371,94,Vintage,5
372,95,New,57
373,95,Balance,57
374,95,2002R,13
375,96,Nike,373
376,96,Dunk,178
377,96,Low,278
378,96,Retro,224
379,96,QS,2
380,97,adidas,126
381,97,Yeezy,92
382,97,Boost,48
383,97,350,32
384,97,V2,32
385,98,adidas,126
386,98,Yeezy,92
387,98,Boost,48
388,98,700,14
389,98,MNVN,3
390,99,Jordan,383
391,99,11,17
392,99,Retro,224
393,100,Jordan,383
394,100,1,310
395,100,Retro,224
396,100,High,115
397,101,adidas,126
398,101,Yeezy,92
399,101,Slide,16
400,102,Jordan,383
401,102,1,310
402,102,Low,278
403,103,Nike,373
404,103,Air,140
405,103,Max,55
406,103,95,4
407,104,Nike,373
408,104,Air,140
409,104,Force,43
410,104,1,310
411,104,Low,278
412,104,'07,17
413,104,LV8,3
414,105,adidas,126
415,105,NMD,3
416,105,S1,1
417,106,Nike,373
418,106,Dunk,178
419,106,Low,278
420,106,SE,41
421,107,Jordan,383
422,107,1,310
423,107,Low,278
424,108,Nike,373
425,108,Air,140
426,108,Max,55
427,108,1,310
428,109,Jordan,383
429,109,1,310
430,109,Low,278
431,110,Jordan,383
432,110,4,31
433,110,Retro,224
434,111,adidas,126
435,111,Yeezy,92
436,111,Foam,13
437,111,RNNR,8
438,112,Jordan,383
439,112,1,310
440,112,Retro,224
441,112,High,115
442,113,Nike,373
443,113,Air,140
444,113,Zoom,11
445,113,Pegasus,1
446,113,37,1
447,114,Nike,373
448,114,Dunk,178
449,114,Low,278
450,115,Nike,373
451,115,Air,140
452,115,Force,43
453,115,1,310
454,115,'07,17
455,115,Low,278
456,116,Nike,373
457,116,Dunk,178
458,116,Low,278
459,117,Jordan,383
460,117,1,310
461,117,Low,278
462,118,Jordan,383
463,118,1,310
464,118,Retro,224
465,118,High,115
466,119,Nike,373
467,119,KD,3
468,119,14,4
469,120,Jordan,383
470,120,1,310
471,120,Low,278
472,120,OG,39
473,121,Nike,373
474,121,Air,140
475,121,Max,55
476,121,1,310
477,121,SP,22
478,122,adidas,126
479,122,Yeezy,92
480,122,Slide,16
481,123,adidas,126
482,123,Yeezy,92
483,123,Boost,48
484,123,350,32
485,124,Nike,373
486,124,Dunk,178
487,124,Low,278
488,124,Retro,224
489,125,Nike,373
490,125,Air,140
491,125,Force,43
492,125,1,310
493,125,Low,278
494,125,'07,17
495,126,Jordan,383
496,126,4,31
497,126,Retro,224
498,127,Jordan,383
499,127,4,31
500,127,Retro,224
501,128,Nike,373
502,128,Dunk,178
503,128,Low,278
504,129,Jordan,383
505,129,1,310
506,129,Retro,224
507,129,High,115
508,129,OG,39
509,130,Jordan,383
510,130,5,22
511,130,Retro,224
512,131,Jordan,383
513,131,1,310
514,131,Retro,224
515,131,High,115
516,131,OG,39
517,132,Nike,373
518,132,Dunk,178
519,132,Low,278
520,132,Retro,224
521,133,Jordan,383
522,133,1,310
523,133,Low,278
524,134,Nike,373
525,134,Dunk,178
526,134,Low,278
527,135,Nike,373
528,135,Dunk,178
529,135,Low,278
530,136,adidas,126
531,136,Yeezy,92
532,136,Foam,13
533,136,RNNR,8
534,137,Jordan,383
535,137,1,310
536,137,Mid,113
537,138,Nike,373
538,138,Dunk,178
539,138,Low,278
540,139,Nike,373
541,139,Air,140
542,139,Force,43
543,139,1,310
544,139,Low,278
545,140,Nike,373
546,140,Air,140
547,140,Max,55
548,140,2013,3
549,141,Jordan,383
550,141,5,22
551,141,Retro,224
552,142,Jordan,383
553,142,1,310
554,142,Mid,113
555,143,adidas,126
556,143,Yeezy,92
557,143,Boost,48
558,143,350,32
559,143,V2,32
560,144,Jordan,383
561,144,4,31
562,144,Retro,224
563,145,Jordan,383
564,145,1,310
565,145,Mid,113
566,145,SE,41
567,146,Jordan,383
568,146,1,310
569,146,Mid,113
570,147,Nike,373
571,147,Dunk,178
572,147,Low,278
573,147,SE,41
574,148,Jordan,383
575,148,11,17
576,148,Retro,224
577,148,Low,278
578,149,New,57
579,149,Balance,57
580,149,550,26
581,150,adidas,126
582,150,Yeezy,92
583,150,Boost,48
584,150,350,32
585,150,V2,32
586,151,Jordan,383
587,151,1,310
588,151,Low,278
589,152,Nike,373
590,152,Air,140
591,152,Force,43
592,152,1,310
593,152,Mid,113
594,153,New,57
595,153,Balance,57
596,153,550,26
597,154,Nike,373
598,154,Dunk,178
599,154,Low,278
600,155,Jordan,383
601,155,4,31
602,155,Retro,224
603,155,SE,41
604,156,Nike,373
605,156,Dunk,178
606,156,Low,278
607,157,Nike,373
608,157,Dunk,178
609,157,Low,278
610,158,Nike,373
611,158,Air,140
612,158,Max,55
613,158,90,9
614,158,Terrascape,6
615,159,Jordan,383
616,159,12,10
617,159,Retro,224
618,160,Nike,373
619,160,Blazer,21
620,160,Mid,113
621,160,77,12
622,161,Nike,373
623,161,Dunk,178
624,161,Low,278
625,162,Jordan,383
626,162,1,310
627,162,Mid,113
628,163,Nike,373
629,163,SB,23
630,163,Dunk,178
631,163,Low,278
632,163,Pro,9
633,164,Nike,373
634,164,Air,140
635,164,Force,43
636,164,1,310
637,164,Mid,113
638,165,Jordan,383
639,165,12,10
640,165,Retro,224
641,166,Nike,373
642,166,Dunk,178
643,166,Low,278
644,167,Jordan,383
645,167,1,310
646,167,Mid,113
647,168,Jordan,383
648,168,1,310
649,168,High,115
650,168,Element,5
651,169,Nike,373
652,169,Dunk,178
653,169,Low,278
654,170,Nike,373
655,170,Air,140
656,170,More,4
657,170,Uptempo,4
658,170,96,2
659,171,Nike,373
660,171,Dunk,178
661,171,High,115
662,172,Jordan,383
663,172,3,19
664,172,Retro,224
665,173,Nike,373
666,173,SB,23
667,173,Dunk,178
668,173,High,115
669,174,New,57
670,174,Balance,57
671,174,550,26
672,175,Jordan,383
673,175,7,7
674,175,Retro,224
675,176,Jordan,383
676,176,1,310
677,176,Retro,224
678,176,High,115
679,176,OG,39
680,177,Jordan,383
681,177,1,310
682,177,Mid,113
683,177,SE,41
684,178,Nike,373
685,178,Air,140
686,178,Force,43
687,178,1,310
688,178,Low,278
689,179,Jordan,383
690,179,1,310
691,179,Mid,113
692,180,Jordan,383
693,180,1,310
694,180,Mid,113
695,181,Nike,373
696,181,SB,23
697,181,Dunk,178
698,181,Low,278
699,181,Pro,9
700,182,Nike,373
701,182,Dunk,178
702,182,Low,278
703,183,Jordan,383
704,183,1,310
705,183,Retro,224
706,183,High,115
707,183,OG,39
708,184,Nike,373
709,184,Dunk,178
710,184,High,115
711,185,adidas,126
712,185,Yeezy,92
713,185,500,6
714,186,Crocs,6
715,186,Pollex,4
716,186,Clog,6
717,187,Nike,373
718,187,Air,140
719,187,Force,43
720,187,1,310
721,187,Low,278
722,187,'07,17
723,188,Nike,373
724,188,Air,140
725,188,Force,43
726,188,1,310
727,188,'07,17
728,188,Low,278
729,189,New,57
730,189,Balance,57
731,189,550,26
732,190,Air,140
733,190,Jordan,383
734,190,1,310
735,190,Low,278
736,191,Nike,373
737,191,Air,140
738,191,Max,55
739,191,Penny,4
740,191,1,310
741,192,Nike,373
742,192,Vaporwaffle,2
743,193,Nike,373
744,193,Air,140
745,193,Max,55
746,193,97,7
747,194,adidas,126
748,194,Yeezy,92
749,194,Boost,48
750,194,350,32
751,194,V2,32
752,195,Jordan,383
753,195,1,310
754,195,Mid,113
755,196,Jordan,383
756,196,1,310
757,196,Mid,113
758,197,adidas,126
759,197,Yeezy,92
760,197,500,6
761,198,adidas,126
762,198,Samba,4
763,198,Vegan,2
764,199,Jordan,383
765,199,4,31
766,199,Retro,224
767,200,Nike,373
768,200,Waffle,6
769,200,One,4
770,201,Jordan,383
771,201,6,20
772,201,Rings,3
773,202,Jordan,383
774,202,1,310
775,202,Mid,113
776,203,adidas,126
777,203,Ultra,8
778,203,Boost,48
779,203,4.0,4
780,203,DNA,6
781,204,Nike,373
782,204,ZoomX,3
783,204,Vaporfly,3
784,204,Next%,3
785,204,2,18
786,205,Air,140
787,205,Jordan,383
788,205,1,310
789,205,Low,278
790,206,Nike,373
791,206,Dunk,178
792,206,Low,278
793,206,Disrupt,6
794,206,2,18
795,207,Nike,373
796,207,Dunk,178
797,207,Low,278
798,207,PRM,3
799,208,Nike,373
800,208,Dunk,178
801,208,Low,278
802,209,Jordan,383
803,209,11,17
804,209,Retro,224
805,209,Low,278
806,210,Nike,373
807,210,Air,140
808,210,Force,43
809,210,1,310
810,210,Mid,113
811,211,Crocs,6
812,211,Pollex,4
813,211,Clog,6
814,212,Jordan,383
815,212,1,310
816,212,Mid,113
817,212,SE,41
818,213,adidas,126
819,213,Yeezy,92
820,213,Slide,16
821,214,Jordan,383
822,214,1,310
823,214,Retro,224
824,214,Low,278
825,214,Golf,10
826,215,Jordan,383
827,215,1,310
828,215,Retro,224
829,215,Low,278
830,215,Golf,10
831,216,Jordan,383
832,216,1,310
833,216,Mid,113
834,217,Jordan,383
835,217,1,310
836,217,Mid,113
837,217,SE,41
838,218,adidas,126
839,218,Yeezy,92
840,218,Foam,13
841,218,RNNR,8
842,219,Nike,373
843,219,KD,3
844,219,15,1
845,220,Jordan,383
846,220,1,310
847,220,Mid,113
848,221,New,57
849,221,Balance,57
850,221,530,4
851,222,Nike,373
852,222,Dunk,178
853,222,Low,278
854,222,EMB,3
855,223,Nike,373
856,223,Dunk,178
857,223,Low,278
858,224,Hoka,1
859,224,One,4
860,224,One,4
861,224,Anacapa,1
862,224,Low,278
863,224,Gore-Tex,2
864,225,Nike,373
865,225,Dunk,178
866,225,Low,278
867,226,Jordan,383
868,226,1,310
869,226,Retro,224
870,226,High,115
871,226,OG,39
872,227,Nike,373
873,227,Dunk,178
874,227,Low,278
875,227,SP,22
876,228,Jordan,383
877,228,12,10
878,228,Retro,224
879,229,Nike,373
880,229,Dunk,178
881,229,Low,278
882,230,Jordan,383
883,230,1,310
884,230,Retro,224
885,230,Low,278
886,230,Golf,10
887,231,New,57
888,231,Balance,57
889,231,9060,2
890,232,New,57
891,232,Balance,57
892,232,2002R,13
893,233,Jordan,383
894,233,1,310
895,233,Low,278
896,233,SE,41
897,234,Jordan,383
898,234,1,310
899,234,Retro,224
900,234,High,115
901,235,Nike,373
902,235,Air,140
903,235,Max,55
904,235,Penny,4
905,235,1,310
906,236,Nike,373
907,236,Air,140
908,236,Max,55
909,236,1,310
910,237,Jordan,383
911,237,11,17
912,237,Retro,224
913,237,Low,278
914,238,Nike,373
915,238,Dunk,178
916,238,Low,278
917,239,Jordan,383
918,239,1,310
919,239,Mid,113
920,240,Jordan,383
921,240,1,310
922,240,Retro,224
923,240,High,115
924,240,OG,39
925,241,Jordan,383
926,241,5,22
927,241,Retro,224
928,242,Nike,373
929,242,Dunk,178
930,242,Low,278
931,243,Nike,373
932,243,Dunk,178
933,243,High,115
934,244,Crocs,6
935,244,Pollex,4
936,244,Clog,6
937,245,adidas,126
938,245,Yeezy,92
939,245,Foam,13
940,245,RNR,6
941,246,Jordan,383
942,246,1,310
943,246,Retro,224
944,246,High,115
945,246,OG,39
946,247,Nike,373
947,247,Dunk,178
948,247,High,115
949,248,New,57
950,248,Balance,57
951,248,550,26
952,249,adidas,126
953,249,Yeezy,92
954,249,Boost,48
955,249,350,32
956,249,V2,32
957,250,Nike,373
958,250,Dunk,178
959,250,Low,278
960,251,adidas,126
961,251,Yeezy,92
962,251,700,14
963,251,V3,8
964,252,Nike,373
965,252,Dunk,178
966,252,Low,278
967,253,Nike,373
968,253,Air,140
969,253,Force,43
970,253,1,310
971,253,Low,278
972,253,'07,17
973,254,Nike,373
974,254,Dunk,178
975,254,Low,278
976,254,Premium,5
977,255,Nike,373
978,255,Air,140
979,255,Force,43
980,255,1,310
981,255,Low,278
982,256,Jordan,383
983,256,4,31
984,256,Retro,224
985,257,adidas,126
986,257,Yeezy,92
987,257,Boost,48
988,257,350,32
989,257,V2,32
990,258,adidas,126
991,258,Yeezy,92
992,258,Foam,13
993,258,RNNR,8
994,259,Jordan,383
995,259,3,19
996,259,Retro,224
997,260,Nike,373
998,260,Blazer,21
999,260,Mid,113
1000,260,77,12
1001,260,Vintage,5
1002,261,Nike,373
1003,261,Dunk,178
1004,261,Low,278
1005,262,adidas,126
1006,262,Yeezy,92
1007,262,Boost,48
1008,262,350,32
1009,262,V2,32
1010,263,adidas,126
1011,263,Yeezy,92
1012,263,Boost,48
1013,263,350,32
1014,263,V2,32
1015,264,Jordan,383
1016,264,1,310
1017,264,Mid,113
1018,265,Jordan,383
1019,265,1,310
1020,265,Retro,224
1021,265,High,115
1022,265,OG,39
1023,266,adidas,126
1024,266,Yeezy,92
1025,266,Foam,13
1026,266,RNR,6
1027,267,Nike,373
1028,267,Air,140
1029,267,Max,55
1030,267,97,7
1031,268,Jordan,383
1032,268,1,310
1033,268,Mid,113
1034,269,Jordan,383
1035,269,6,20
1036,269,Retro,224
1037,270,Nike,373
1038,270,Dunk,178
1039,270,Low,278
1040,271,Jordan,383
1041,271,4,31
1042,271,Retro,224
1043,272,New,57
1044,272,Balance,57
1045,272,550,26
1046,273,Converse,9
1047,273,Chuck,6
1048,273,Taylor,6
1049,273,All-Star,6
1050,273,70,5
1051,273,Hi,7
1052,274,Nike,373
1053,274,Dunk,178
1054,274,Low,278
1055,274,SE,41
1056,275,Jordan,383
1057,275,12,10
1058,275,Retro,224
1059,276,Nike,373
1060,276,Air,140
1061,276,Humara,2
1062,276,LX,6
1063,277,adidas,126
1064,277,Yeezy,92
1065,277,Foam,13
1066,277,RNNR,8
1067,278,adidas,126
1068,278,Yeezy,92
1069,278,Foam,13
1070,278,RNNR,8
1071,279,Jordan,383
1072,279,1,310
1073,279,Retro,224
1074,279,High,115
1075,280,Jordan,383
1076,280,1,310
1077,280,Low,278
1078,281,Jordan,383
1079,281,1,310
1080,281,Mid,113
1081,282,New,57
1082,282,Balance,57
1083,282,550,26
1084,283,Jordan,383
1085,283,4,31
1086,283,Retro,224
1087,284,Jordan,383
1088,284,4,31
1089,284,Retro,224
1090,285,adidas,126
1091,285,Yeezy,92
1092,285,Foam,13
1093,285,RNR,6
1094,286,Nike,373
1095,286,Air,140
1096,286,Force,43
1097,286,1,310
1098,286,Low,278
1099,286,Premium,5
1100,287,Jordan,383
1101,287,4,31
1102,287,Retro,224
1103,288,Jordan,383
1104,288,9,6
1105,288,Retro,224
1106,289,Jordan,383
1107,289,1,310
1108,289,Low,278
1109,290,Nike,373
1110,290,Dunk,178
1111,290,Low,278
1112,290,Essential,5
1113,291,adidas,126
1114,291,Yeezy,92
1115,291,Slide,16
1116,292,Jordan,383
1117,292,1,310
1118,292,Low,278
1119,293,Nike,373
1120,293,Dunk,178
1121,293,Low,278
1122,293,EMB,3
1123,294,Jordan,383
1124,294,13,10
1125,294,Retro,224
1126,295,Nike,373
1127,295,Air,140
1128,295,Max,55
1129,295,1,310
1130,296,Jordan,383
1131,296,1,310
1132,296,Mid,113
1133,297,Jordan,383
1134,297,1,310
1135,297,Mid,113
1136,298,Nike,373
1137,298,SB,23
1138,298,Dunk,178
1139,298,Low,278
1140,298,Pro,9
1141,299,Nike,373
1142,299,Dunk,178
1143,299,Low,278
1144,300,Jordan,383
1145,300,7,7
1146,300,Retro,224
1147,301,Nike,373
1148,301,Air,140
1149,301,Max,55
1150,301,Plus,8
1151,302,New,57
1152,302,Balance,57
1153,302,550,26
1154,303,adidas,126
1155,303,Yeezy,92
1156,303,Boost,48
1157,303,350,32
1158,303,V2,32
1159,304,Jordan,383
1160,304,1,310
1161,304,Mid,113
1162,305,Nike,373
1163,305,Dunk,178
1164,305,Low,278
1165,306,Jordan,383
1166,306,1,310
1167,306,Retro,224
1168,306,High,115
1169,307,Jordan,383
1170,307,3,19
1171,307,Retro,224
1172,308,Jordan,383
1173,308,1,310
1174,308,High,115
1175,308,Zoom,11
1176,308,Air,140
1177,308,CMFT,7
1178,309,Jordan,383
1179,309,13,10
1180,309,Retro,224
1181,310,Jordan,383
1182,310,1,310
1183,310,Low,278
1184,311,Nike,373
1185,311,Dunk,178
1186,311,Low,278
1187,311,Retro,224
1188,312,Nike,373
1189,312,Dunk,178
1190,312,Low,278
1191,313,Nike,373
1192,313,Dunk,178
1193,313,High,115
1194,314,Jordan,383
1195,314,1,310
1196,314,Retro,224
1197,314,Low,278
1198,314,OG,39
1199,315,New,57
1200,315,Balance,57
1201,315,CT302,1
1202,316,Jordan,383
1203,316,12,10
1204,316,Retro,224
1205,317,Nike,373
1206,317,Dunk,178
1207,317,High,115
1208,318,Nike,373
1209,318,Cortez,6
1210,319,Nike,373
1211,319,Dunk,178
1212,319,Low,278
1213,320,Nike,373
1214,320,Dunk,178
1215,320,Low,278
1216,321,Nike,373
1217,321,Air,140
1218,321,Max,55
1219,321,90,9
1220,321,Terrascape,6
1221,322,adidas,126
1222,322,Yeezy,92
1223,322,Boost,48
1224,322,350,32
1225,322,V2,32
1226,323,Nike,373
1227,323,SB,23
1228,323,Zooom,1
1229,323,Blazer,21
1230,323,Mid,113
1231,323,Edge,2
1232,324,Puma,9
1233,324,LaMelo,9
1234,324,Ball,9
1235,324,MB.01,9
1236,325,Nike,373
1237,325,PG,2
1238,325,6,20
1239,326,Jordan,383
1240,326,3,19
1241,326,Retro,224
1242,327,Nike,373
1243,327,SB,23
1244,327,Dunk,178
1245,327,Low,278
1246,328,Jordan,383
1247,328,1,310
1248,328,Low,278
1249,329,Nike,373
1250,329,Dunk,178
1251,329,Low,278
1252,329,Disrupt,6
1253,329,2,18
1254,330,Crocs,6
1255,330,Pollex,4
1256,330,Clog,6
1257,331,Jordan,383
1258,331,6,20
1259,331,Retro,224
1260,332,Jordan,383
1261,332,1,310
1262,332,Low,278
1263,333,Jordan,383
1264,333,5,22
1265,333,Retro,224
1266,333,Low,278
1267,334,Nike,373
1268,334,LD,5
1269,334,Waffle,6
1270,334,SF,2
1271,335,Jordan,383
1272,335,1,310
1273,335,Mid,113
1274,336,Jordan,383
1275,336,5,22
1276,336,Retro,224
1277,337,Jordan,383
1278,337,1,310
1279,337,Mid,113
1280,338,adidas,126
1281,338,Yeezy,92
1282,338,Boost,48
1283,338,350,32
1284,338,V2,32
1285,339,Nike,373
1286,339,Air,140
1287,339,Force,43
1288,339,1,310
1289,339,Low,278
1290,339,'07,17
1291,339,LV8,3
1292,340,Nike,373
1293,340,Air,140
1294,340,Max,55
1295,340,1,310
1296,340,SP,22
1297,341,Jordan,383
1298,341,5,22
1299,341,Retro,224
1300,342,New,57
1301,342,Balance,57
1302,342,550,26
1303,343,Jordan,383
1304,343,1,310
1305,343,Retro,224
1306,343,High,115
1307,343,Element,5
1308,344,Jordan,383
1309,344,12,10
1310,344,Retro,224
1311,345,Nike,373
1312,345,React,5
1313,345,Phantom,2
1314,345,Run,2
1315,345,Flyknit,6
1316,345,2,18
1317,346,Nike,373
1318,346,Dunk,178
1319,346,Low,278
1320,347,Nike,373
1321,347,Air,140
1322,347,Max,55
1323,347,1,310
1324,348,Nike,373
1325,348,Dunk,178
1326,348,High,115
1327,348,Retro,224
1328,349,Jordan,383
1329,349,2,18
1330,349,Retro,224
1331,349,SP,22
1332,350,MSCHF,1
1333,350,Gobstomper,1
1334,351,Nike,373
1335,351,Dunk,178
1336,351,Low,278
1337,352,Nike,373
1338,352,Blazer,21
1339,352,Low,278
1340,353,Nike,373
1341,353,Dunk,178
1342,353,Low,278
1343,354,Jordan,383
1344,354,1,310
1345,354,Mid,113
1346,355,Nike,373
1347,355,Dunk,178
1348,355,Low,278
1349,355,SE,41
1350,356,Nike,373
1351,356,Dunk,178
1352,356,High,115
1353,357,Nike,373
1354,357,Dunk,178
1355,357,Low,278
1356,358,Jordan,383
1357,358,1,310
1358,358,Retro,224
1359,358,High,115
1360,359,Jordan,383
1361,359,11,17
1362,359,Retro,224
1363,360,Jordan,383
1364,360,11,17
1365,360,Retro,224
1366,361,Nike,373
1367,361,Air,140
1368,361,Max,55
1369,361,Plus,8
1370,362,Nike,373
1371,362,Air,140
1372,362,Force,43
1373,362,1,310
1374,362,Low,278
1375,363,New,57
1376,363,Balance,57
1377,363,990v3,3
1378,364,adidas,126
1379,364,Forum,10
1380,364,84,6
1381,364,Low,278
1382,365,adidas,126
1383,365,Yeezy,92
1384,365,Boost,48
1385,365,700,14
1386,366,Jordan,383
1387,366,1,310
1388,366,Mid,113
1389,367,Jordan,383
1390,367,14,4
1391,367,Retro,224
1392,368,Nike,373
1393,368,Dunk,178
1394,368,Low,278
1395,368,Retro,224
1396,369,Nike,373
1397,369,Dunk,178
1398,369,Low,278
1399,370,Nike,373
1400,370,Dunk,178
1401,370,Low,278
1402,371,adidas,126
1403,371,Yeezy,92
1404,371,Boost,48
1405,371,350,32
1406,371,V2,32
1407,372,Nike,373
1408,372,Dunk,178
1409,372,Low,278
1410,373,Nike,373
1411,373,Dunk,178
1412,373,Low,278
1413,374,adidas,126
1414,374,Yeezy,92
1415,374,Slide,16
1416,375,Jordan,383
1417,375,7,7
1418,375,Retro,224
1419,376,adidas,126
1420,376,Yeezy,92
1421,376,Boost,48
1422,376,350,32
1423,376,V2,32
1424,377,New,57
1425,377,Balance,57
1426,377,550,26
1427,378,adidas,126
1428,378,Yeezy,92
1429,378,450,6
1430,379,Nike,373
1431,379,Dunk,178
1432,379,Low,278
1433,380,Jordan,383
1434,380,1,310
1435,380,Retro,224
1436,380,High,115
1437,380,OG,39
1438,381,Jordan,383
1439,381,5,22
1440,381,Retro,224
1441,382,adidas,126
1442,382,Yeezy,92
1443,382,Boost,48
1444,382,350,32
1445,382,V2,32
1446,383,New,57
1447,383,Balance,57
1448,383,550,26
1449,384,Nike,373
1450,384,Dunk,178
1451,384,Low,278
1452,385,Nike,373
1453,385,Dunk,178
1454,385,Low,278
1455,386,Jordan,383
1456,386,3,19
1457,386,Retro,224
1458,387,Jordan,383
1459,387,6,20
1460,387,Retro,224
1461,388,Nike,373
1462,388,Dunk,178
1463,388,Low,278
1464,389,adidas,126
1465,389,Yeezy,92
1466,389,Slide,16
1467,390,Jordan,383
1468,390,1,310
1469,390,Retro,224
1470,390,High,115
1471,390,OG,39
1472,391,Nike,373
1473,391,Dunk,178
1474,391,Low,278
1475,392,Nike,373
1476,392,SB,23
1477,392,Dunk,178
1478,392,Low,278
1479,393,Jordan,383
1480,393,5,22
1481,393,Retro,224
1482,393,Low,278
1483,394,Nike,373
1484,394,Dunk,178
1485,394,Low,278
1486,395,Nike,373
1487,395,Dunk,178
1488,395,Low,278
1489,395,Retro,224
1490,396,Jordan,383
1491,396,1,310
1492,396,Retro,224
1493,396,High,115
1494,396,OG,39
1495,397,Puma,9
1496,397,LaMelo,9
1497,397,Ball,9
1498,397,MB.01,9
1499,398,Nike,373
1500,398,Dunk,178
1501,398,Low,278
1502,399,Nike,373
1503,399,Air,140
1504,399,Force,43
1505,399,1,310
1506,399,Low,278
1507,399,'07,17
1508,400,Nike,373
1509,400,Dunk,178
1510,400,Low,278
1511,401,Jordan,383
1512,401,1,310
1513,401,Mid,113
1514,402,Jordan,383
1515,402,3,19
1516,402,Retro,224
1517,403,Nike,373
1518,403,Air,140
1519,403,Max,55
1520,403,Correlate,1
1521,404,Nike,373
1522,404,Dunk,178
1523,404,Low,278
1524,404,Disrupt,6
1525,404,2,18
1526,405,Jordan,383
1527,405,5,22
1528,405,Retro,224
1529,406,Nike,373
1530,406,Dunk,178
1531,406,Low,278
1532,407,Jordan,383
1533,407,1,310
1534,407,Low,278
1535,407,OG,39
1536,408,Jordan,383
1537,408,1,310
1538,408,Low,278
1539,409,New,57
1540,409,Balance,57
1541,409,550,26
1542,410,Reebok,1
1543,410,Question,1
1544,410,Mid,113
1545,411,Jordan,383
1546,411,1,310
1547,411,Low,278
1548,412,adidas,126
1549,412,Yeezy,92
1550,412,Boost,48
1551,412,350,32
1552,412,V2,32
1553,413,Nike,373
1554,413,Dunk,178
1555,413,Low,278
1556,414,New,57
1557,414,Balance,57
1558,414,990v5,2
1559,415,New,57
1560,415,Balance,57
1561,415,550,26
1562,416,Nike,373
1563,416,Air,140
1564,416,Force,43
1565,416,1,310
1566,416,Low,278
1567,416,LE,1
1568,417,New,57
1569,417,Balance,57
1570,417,1906R,2
1571,418,Nike,373
1572,418,Air,140
1573,418,Max,55
1574,418,Plus,8
1575,419,Nike,373
1576,419,Dunk,178
1577,419,Low,278
1578,419,SE,41
1579,419,85,3
1580,420,adidas,126
1581,420,Yeezy,92
1582,420,Boost,48
1583,420,350,32
1584,420,V2,32
1585,421,Jordan,383
1586,421,1,310
1587,421,Retro,224
1588,421,High,115
1589,421,OG,39
1590,422,Jordan,383
1591,422,1,310
1592,422,Retro,224
1593,422,High,115
1594,423,Jordan,383
1595,423,3,19
1596,423,Retro,224
1597,424,Nike,373
1598,424,Air,140
1599,424,Max,55
1600,424,1,310
1601,425,Jordan,383
1602,425,5,22
1603,425,Retro,224
1604,426,Jordan,383
1605,426,1,310
1606,426,Low,278
1607,427,adidas,126
1608,427,Yeezy,92
1609,427,700,14
1610,427,V3,8
1611,428,Jordan,383
1612,428,1,310
1613,428,Low,278
1614,429,adidas,126
1615,429,Yeezy,92
1616,429,Boost,48
1617,429,380,3
1618,430,Nike,373
1619,430,Dunk,178
1620,430,Low,278
1621,431,adidas,126
1622,431,Yeezy,92
1623,431,Foam,13
1624,431,RNNR,8
1625,432,Jordan,383
1626,432,1,310
1627,432,Mid,113
1628,432,SE,41
1629,433,Nike,373
1630,433,Dunk,178
1631,433,Low,278
1632,434,Nike,373
1633,434,Air,140
1634,434,VaporMax,11
1635,434,2021,5
1636,434,FK,4
1637,435,Jordan,383
1638,435,5,22
1639,435,Retro,224
1640,436,Jordan,383
1641,436,1,310
1642,436,Mid,113
1643,437,Nike,373
1644,437,Air,140
1645,437,Force,43
1646,437,1,310
1647,437,Low,278
1648,437,'07,17
1649,437,QS,2
1650,438,Nike,373
1651,438,Air,140
1652,438,VaporMax,11
1653,438,Plus,8
1654,439,Nike,373
1655,439,Dunk,178
1656,439,Low,278
1657,440,Jordan,383
1658,440,6,20
1659,440,Retro,224
1660,441,adidas,126
1661,441,Yeezy,92
1662,441,Foam,13
1663,441,RNR,6
1664,442,New,57
1665,442,Balance,57
1666,442,530,4
1667,443,adidas,126
1668,443,Yeezy,92
1669,443,Slide,16
1670,444,adidas,126
1671,444,Adilette,5
1672,444,22,5
1673,444,Slides,5
1674,445,Jordan,383
1675,445,1,310
1676,445,Retro,224
1677,445,High,115
1678,445,OG,39
1679,446,Jordan,383
1680,446,1,310
1681,446,Mid,113
1682,446,SE,41
1683,447,Nike,373
1684,447,Dunk,178
1685,447,Low,278
1686,448,Nike,373
1687,448,Dunk,178
1688,448,Low,278
1689,449,adidas,126
1690,449,Adilette,5
1691,449,22,5
1692,449,Slides,5
1693,450,Jordan,383
1694,450,1,310
1695,450,Retro,224
1696,450,High,115
1697,451,Jordan,383
1698,451,1,310
1699,451,Mid,113
1700,451,SE,41
1701,452,Jordan,383
1702,452,1,310
1703,452,Mid,113
1704,453,Nike,373
1705,453,Dunk,178
1706,453,Low,278
1707,454,Nike,373
1708,454,Dunk,178
1709,454,Low,278
1710,455,Nike,373
1711,455,Air,140
1712,455,Max,55
1713,455,2013,3
1714,456,Jordan,383
1715,456,1,310
1716,456,Mid,113
1717,457,Jordan,383
1718,457,1,310
1719,457,Mid,113
1720,458,Nike,373
1721,458,RYZ,1
1722,458,365,1
1723,459,Nike,373
1724,459,Zoom,11
1725,459,G.T.,2
1726,459,Cut,2
1727,460,Nike,373
1728,460,Dunk,178
1729,460,Low,278
1730,460,SE,41
1731,460,85,3
1732,461,Jordan,383
1733,461,13,10
1734,461,Retro,224
1735,462,adidas,126
1736,462,Yeezy,92
1737,462,Boost,48
1738,462,350,32
1739,462,V2,32
1740,463,Jordan,383
1741,463,1,310
1742,463,Retro,224
1743,463,AJKO,3
1744,464,Nike,373
1745,464,Air,140
1746,464,Force,43
1747,464,1,310
1748,464,Mid,113
1749,465,Nike,373
1750,465,Cortez,6
1751,465,4.0,4
1752,466,Nike,373
1753,466,Air,140
1754,466,Max,55
1755,466,270,4
1756,467,Nike,373
1757,467,Go,1
1758,467,FlyEase,2
1759,468,Nike,373
1760,468,Air,140
1761,468,Trainer,5
1762,468,1,310
1763,468,SP,22
1764,469,Nike,373
1765,469,Dunk,178
1766,469,Low,278
1767,470,Jordan,383
1768,470,3,19
1769,470,Retro,224
1770,471,Jordan,383
1771,471,1,310
1772,471,Mid,113
1773,472,Nike,373
1774,472,Dunk,178
1775,472,Low,278
1776,472,NH,2
1777,473,Jordan,383
1778,473,12,10
1779,473,Low,278
1780,474,Jordan,383
1781,474,1,310
1782,474,Low,278
1783,475,Nike,373
1784,475,Blazer,21
1785,475,Low,278
1786,476,Nike,373
1787,476,Air,140
1788,476,Max,55
1789,476,1,310
1790,477,Nike,373
1791,477,Air,140
1792,477,Max,55
1793,477,270,4
1794,478,Jordan,383
1795,478,1,310
1796,478,Mid,113
1797,479,Jordan,383
1798,479,1,310
1799,479,High,115
1800,479,Zoom,11
1801,479,Air,140
1802,479,CMFT,7
1803,480,Lebron,1
1804,480,19,1
1805,481,adidas,126
1806,481,Yeezy,92
1807,481,Slide,16
1808,482,Nike,373
1809,482,Blazer,21
1810,482,Low,278
1811,483,Nike,373
1812,483,Air,140
1813,483,Max,55
1814,483,270,4
1815,484,Nike,373
1816,484,SB,23
1817,484,Dunk,178
1818,484,Low,278
1819,485,Nike,373
1820,485,Air,140
1821,485,Force,43
1822,485,1,310
1823,485,High,115
1824,485,'07,17
1825,485,SP,22
1826,486,adidas,126
1827,486,Ultra,8
1828,486,Boost,48
1829,486,5.0,3
1830,486,DNA,6
1831,487,Jordan,383
1832,487,9,6
1833,487,Retro,224
1834,488,New,57
1835,488,Balance,57
1836,488,2002R,13
1837,489,Jordan,383
1838,489,1,310
1839,489,Mid,113
1840,490,Jordan,383
1841,490,4,31
1842,490,Retro,224
1843,491,Puma,9
1844,491,LaMelo,9
1845,491,Ball,9
1846,491,MB.01,9
1847,492,adidas,126
1848,492,Yeezy,92
1849,492,700,14
1850,492,V3,8
1851,493,Jordan,383
1852,493,1,310
1853,493,Mid,113
1854,494,Jordan,383
1855,494,1,310
1856,494,Mid,113
1857,495,Nike,373
1858,495,Dunk,178
1859,495,Low,278
1860,496,Nike,373
1861,496,Dunk,178
1862,496,Low,278
1863,496,Essential,5
1864,497,Nike,373
1865,497,Dunk,178
1866,497,High,115
1867,497,Retro,224
1868,498,Nike,373
1869,498,Dunk,178
1870,498,High,115
1871,499,Jordan,383
1872,499,1,310
1873,499,Mid,113
1874,500,Nike,373
1875,500,Dunk,178
1876,500,High,115
1877,500,Retro,224
1878,501,Jordan,383
1879,501,1,310
1880,501,Low,278
1881,502,Nike,373
1882,502,Air,140
1883,502,Force,43
1884,502,1,310
1885,502,Low,278
1886,503,Nike,373
1887,503,M2K,2
1888,503,Tekno,2
1889,504,Jordan,383
1890,504,1,310
1891,504,Mid,113
1892,505,adidas,126
1893,505,Forum,10
1894,505,Buckle,1
1895,505,Low,278
1896,506,Nike,373
1897,506,Blazer,21
1898,506,Mid,113
1899,506,77,12
1900,507,Nike,373
1901,507,LD,5
1902,507,Waffle,6
1903,508,Nike,373
1904,508,Dunk,178
1905,508,Low,278
1906,509,Jordan,383
1907,509,1,310
1908,509,Mid,113
1909,510,adidas,126
1910,510,Forum,10
1911,510,Low,278
1912,511,A,3
1913,511,Bathing,3
1914,511,Ape,3
1915,511,BAPE,3
1916,511,Sta,3
1917,512,Puma,9
1918,512,LaMelo,9
1919,512,Ball,9
1920,512,MB.01,9
1921,513,Nike,373
1922,513,Kyrie,4
1923,513,4,31
1924,513,Low,278
1925,514,Jordan,383
1926,514,1,310
1927,514,Retro,224
1928,514,Low,278
1929,514,Golf,10
1930,515,Nike,373
1931,515,Dunk,178
1932,515,Low,278
1933,516,adidas,126
1934,516,Yeezy,92
1935,516,Boost,48
1936,516,350,32
1937,516,V2,32
1938,517,Converse,9
1939,517,Run,2
1940,517,Star,2
1941,517,Hike,1
1942,517,Hi,7
1943,518,Nike,373
1944,518,Blazer,21
1945,518,Low,278
1946,518,77,12
1947,518,Vintage,5
1948,519,Converse,9
1949,519,Chuck,6
1950,519,Taylor,6
1951,519,All-Star,6
1952,519,70s,1
1953,519,Hi,7
1954,520,Nike,373
1955,520,Dunk,178
1956,520,Low,278
1957,521,Jordan,383
1958,521,2,18
1959,521,Retro,224
1960,522,Jordan,383
1961,522,2,18
1962,522,Retro,224
1963,522,SP,22
1964,523,New,57
1965,523,Balance,57
1966,523,2002R,13
1967,524,Jordan,383
1968,524,1,310
1969,524,Mid,113
1970,525,adidas,126
1971,525,Samba,4
1972,526,Nike,373
1973,526,Cortez,6
1974,526,SP,22
1975,527,Jordan,383
1976,527,4,31
1977,527,Retro,224
1978,528,Jordan,383
1979,528,1,310
1980,528,Mid,113
1981,529,Jordan,383
1982,529,14,4
1983,529,Retro,224
1984,530,Nike,373
1985,530,Dunk,178
1986,530,Low,278
1987,530,PRM,3
1988,531,Nike,373
1989,531,Blazer,21
1990,531,Low,278
1991,532,A,3
1992,532,Bathing,3
1993,532,Ape,3
1994,532,BAPE,3
1995,532,Sta,3
1996,533,Jordan,383
1997,533,3,19
1998,533,Retro,224
1999,534,Jordan,383
2000,534,4,31
2001,534,Retro,224
2002,534,Golf,10
2003,535,Jordan,383
2004,535,9,6
2005,535,Retro,224
2006,536,adidas,126
2007,536,Forum,10
2008,536,84,6
2009,536,Low,278
2010,536,ADV,1
2011,537,Nike,373
2012,537,Blazer,21
2013,537,Mid,113
2014,537,77,12
2015,538,New,57
2016,538,Balance,57
2017,538,550,26
2018,539,Nike,373
2019,539,Air,140
2020,539,Zoom,11
2021,539,Flight,1
2022,539,95,4
2023,540,Nike,373
2024,540,Dunk,178
2025,540,Low,278
2026,541,Nike,373
2027,541,Dunk,178
2028,541,Low,278
2029,542,adidas,126
2030,542,Yeezy,92
2031,542,500,6
2032,543,Jordan,383
2033,543,4,31
2034,543,Retro,224
2035,544,Nike,373
2036,544,Dunk,178
2037,544,Low,278
2038,544,Retro,224
2039,545,Jordan,383
2040,545,1,310
2041,545,Mid,113
2042,546,Jordan,383
2043,546,9,6
2044,546,Retro,224
2045,547,Nike,373
2046,547,Air,140
2047,547,Force,43
2048,547,1,310
2049,547,Low,278
2050,547,'07,17
2051,547,Essential,5
2052,548,Jordan,383
2053,548,Lift,2
2054,548,Off,1
2055,549,Crocs,6
2056,549,Classic,4
2057,549,Clog,6
2058,550,Nike,373
2059,550,Air,140
2060,550,Force,43
2061,550,1,310
2062,550,Low,278
2063,550,'07,17
2064,550,Premium,5
2065,551,Jordan,383
2066,551,6,20
2067,551,Retro,224
2068,552,Jordan,383
2069,552,1,310
2070,552,Mid,113
2071,553,Nike,373
2072,553,Air,140
2073,553,Max,55
2074,553,90,9
2075,554,Nike,373
2076,554,Blazer,21
2077,554,Mid,113
2078,554,LX,6
2079,555,adidas,126
2080,555,Samba,4
2081,555,Vegan,2
2082,556,Jordan,383
2083,556,1,310
2084,556,Retro,224
2085,556,High,115
2086,557,Jordan,383
2087,557,1,310
2088,557,Low,278
2089,558,Nike,373
2090,558,Dunk,178
2091,558,Low,278
2092,558,SE,41
2093,559,Jordan,383
2094,559,1,310
2095,559,Mid,113
2096,559,SE,41
2097,560,Jordan,383
2098,560,1,310
2099,560,Low,278
2100,561,adidas,126
2101,561,Yeezy,92
2102,561,Boost,48
2103,561,350,32
2104,561,V2,32
2105,562,Nike,373
2106,562,Air,140
2107,562,Max,55
2108,562,97,7
2109,562,OG,39
2110,563,Jordan,383
2111,563,1,310
2112,563,Retro,224
2113,563,High,115
2114,564,adidas,126
2115,564,Forum,10
2116,564,84,6
2117,564,Low,278
2118,565,Nike,373
2119,565,Dunk,178
2120,565,High,115
2121,566,Nike,373
2122,566,Air,140
2123,566,Max,55
2124,566,97,7
2125,567,Jordan,383
2126,567,1,310
2127,567,High,115
2128,567,Zoom,11
2129,567,Air,140
2130,567,CMFT,7
2131,568,Air,140
2132,568,Jordan,383
2133,568,1,310
2134,568,Mid,113
2135,569,Jordan,383
2136,569,13,10
2137,569,Retro,224
2138,570,Jordan,383
2139,570,1,310
2140,570,Low,278
2141,571,Nike,373
2142,571,Dunk,178
2143,571,Low,278
2144,572,Jordan,383
2145,572,1,310
2146,572,Low,278
2147,573,New,57
2148,573,Balance,57
2149,573,2002R,13
2150,574,Converse,9
2151,574,Chuck,6
2152,574,Taylor,6
2153,574,All-Star,6
2154,574,70,5
2155,574,Hi,7
2156,575,Jordan,383
2157,575,1,310
2158,575,Low,278
2159,576,Jordan,383
2160,576,4,31
2161,576,Retro,224
2162,577,Nike,373
2163,577,Dunk,178
2164,577,Low,278
2165,577,Disrupt,6
2166,577,2,18
2167,578,Nike,373
2168,578,Dunk,178
2169,578,Low,278
2170,579,adidas,126
2171,579,Forum,10
2172,579,Low,278
2173,580,Nike,373
2174,580,Dunk,178
2175,580,Low,278
2176,581,Nike,373
2177,581,Dunk,178
2178,581,Low,278
2179,582,Nike,373
2180,582,Air,140
2181,582,Max,55
2182,582,97,7
2183,583,Jordan,383
2184,583,1,310
2185,583,Mid,113
2186,584,adidas,126
2187,584,Yeezy,92
2188,584,Boost,48
2189,584,350,32
2190,584,V2,32
2191,585,Nike,373
2192,585,Air,140
2193,585,Max,55
2194,585,2017,1
2195,586,Nike,373
2196,586,Shox,1
2197,586,Ride,1
2198,586,2,18
2199,586,SP,22
2200,587,Nike,373
2201,587,Dunk,178
2202,587,High,115
2203,588,Nike,373
2204,588,ZoomX,3
2205,588,Vaporfly,3
2206,588,Next%,3
2207,588,2,18
2208,589,Jordan,383
2209,589,3,19
2210,589,Retro,224
2211,590,Nike,373
2212,590,Kobe,1
2213,590,6,20
2214,590,Protro,1
2215,591,Air,140
2216,591,Jordan,383
2217,591,1,310
2218,591,Mid,113
2219,592,Nike,373
2220,592,SB,23
2221,592,Dunk,178
2222,592,Low,278
2223,593,Nike,373
2224,593,Air,140
2225,593,Force,43
2226,593,1,310
2227,593,Low,278
2228,593,VD,1
2229,594,Nike,373
2230,594,SB,23
2231,594,Dunk,178
2232,594,Low,278
2233,594,Pro,9
2234,594,ISO,2
2235,595,Jordan,383
2236,595,13,10
2237,595,Retro,224
2238,596,Nike,373
2239,596,Dunk,178
2240,596,High,115
2241,597,Nike,373
2242,597,Air,140
2243,597,More,4
2244,597,Uptempo,4
2245,598,Jordan,383
2246,598,1,310
2247,598,Retro,224
2248,598,High,115
2249,599,New,57
2250,599,Balance,57
2251,599,2002R,13
2252,600,Jordan,383
2253,600,5,22
2254,600,Retro,224
2255,601,New,57
2256,601,Balance,57
2257,601,574,1
2258,602,adidas,126
2259,602,Yeezy,92
2260,602,450,6
2261,603,Nike,373
2262,603,LeBron,3
2263,603,18,1
2264,603,Low,278
2265,604,Jordan,383
2266,604,2,18
2267,604,Retro,224
2268,604,Low,278
2269,604,SP,22
2270,605,Nike,373
2271,605,LeBron,3
2272,605,9,6
2273,606,Jordan,383
2274,606,1,310
2275,606,High,115
2276,606,Element,5
2277,607,adidas,126
2278,607,Yeezy,92
2279,607,Slide,16
2280,608,Jordan,383
2281,608,1,310
2282,608,Retro,224
2283,608,High,115
2284,609,New,57
2285,609,Balance,57
2286,609,550,26
2287,610,Nike,373
2288,610,KD,3
2289,610,Trey,1
2290,610,5,22
2291,610,VIII,1
2292,611,Jordan,383
2293,611,1,310
2294,611,Mid,113
2295,612,Jordan,383
2296,612,1,310
2297,612,Low,278
2298,612,SE,41
2299,613,Nike,373
2300,613,Vapor,1
2301,613,Edge,2
2302,613,Pro,9
2303,613,OBJ,1
2304,614,Jordan,383
2305,614,6,20
2306,614,Retro,224
2307,615,Nike,373
2308,615,Kwondo,1
2309,615,1,310
2310,616,adidas,126
2311,616,Yeezy,92
2312,616,Boost,48
2313,616,350,32
2314,616,V2,32
2315,617,New,57
2316,617,Balance,57
2317,617,550,26
2318,618,Nike,373
2319,618,PG,2
2320,618,6,20
2321,619,Jordan,383
2322,619,1,310
2323,619,Mid,113
2324,620,Nike,373
2325,620,Dunk,178
2326,620,High,115
2327,621,adidas,126
2328,621,Yeezy,92
2329,621,Slide,16
2330,622,Jordan,383
2331,622,1,310
2332,622,Retro,224
2333,622,High,115
2334,622,OG,39
2335,622,SP,22
2336,622,Utility,2
2337,623,Jordan,383
2338,623,1,310
2339,623,Mid,113
2340,624,Nike,373
2341,624,SB,23
2342,624,Dunk,178
2343,624,High,115
2344,625,Nike,373
2345,625,Air,140
2346,625,Max,55
2347,625,90,9
2348,625,Terrascape,6
2349,626,Nike,373
2350,626,Air,140
2351,626,Griffey,1
2352,626,Max,55
2353,626,1,310
2354,627,Jordan,383
2355,627,4,31
2356,627,Retro,224
2357,628,Nike,373
2358,628,Air,140
2359,628,Force,43
2360,628,1,310
2361,628,Low,278
2362,629,Jordan,383
2363,629,1,310
2364,629,Low,278
2365,630,Converse,9
2366,630,Chuck,6
2367,630,Taylor,6
2368,630,All-Star,6
2369,630,70,5
2370,630,Hi,7
2371,631,Jordan,383
2372,631,11,17
2373,631,Retro,224
2374,632,New,57
2375,632,Balance,57
2376,632,550,26
2377,633,Nike,373
2378,633,Air,140
2379,633,Max,55
2380,633,1,310
2381,634,New,57
2382,634,Balance,57
2383,634,550,26
2384,635,Nike,373
2385,635,Air,140
2386,635,Max,55
2387,635,2021,5
2388,636,Jordan,383
2389,636,1,310
2390,636,Retro,224
2391,636,High,115
2392,636,OG,39
2393,637,Jordan,383
2394,637,1,310
2395,637,Retro,224
2396,637,High,115
2397,638,Nike,373
2398,638,Air,140
2399,638,Max,55
2400,638,90,9
2401,638,NRG,1
2402,639,Jordan,383
2403,639,3,19
2404,639,Retro,224
2405,640,Jordan,383
2406,640,1,310
2407,640,Mid,113
2408,641,adidas,126
2409,641,Yeezy,92
2410,641,700,14
2411,641,V3,8
2412,642,Jordan,383
2413,642,1,310
2414,642,Mid,113
2415,643,Jordan,383
2416,643,1,310
2417,643,Retro,224
2418,643,High,115
2419,644,adidas,126
2420,644,Samba,4
2421,644,Classic,4
2422,645,adidas,126
2423,645,Ultra,8
2424,645,Boost,48
2425,645,5.0,3
2426,645,DNA,6
2427,646,Puma,9
2428,646,LaMelo,9
2429,646,Ball,9
2430,646,MB.01,9
2431,647,adidas,126
2432,647,Yeezy,92
2433,647,Boost,48
2434,647,380,3
2435,648,Nike,373
2436,648,Air,140
2437,648,VaporMax,11
2438,648,Plus,8
2439,649,Nike,373
2440,649,ZoomX,3
2441,649,Vaporfly,3
2442,649,Next%,3
2443,649,2,18
2444,650,Nike,373
2445,650,Air,140
2446,650,Force,43
2447,650,1,310
2448,650,'07,17
2449,650,LX,6
2450,650,Low,278
2451,651,adidas,126
2452,651,Forum,10
2453,651,84,6
2454,651,High,115
2455,652,Nike,373
2456,652,Dunk,178
2457,652,High,115
2458,653,Jordan,383
2459,653,12,10
2460,653,Retro,224
2461,654,Nike,373
2462,654,Blazer,21
2463,654,Mid,113
2464,654,77,12
2465,655,Jordan,383
2466,655,1,310
2467,655,Mid,113
2468,655,SE,41
2469,656,Nike,373
2470,656,Dunk,178
2471,656,High,115
2472,657,Jordan,383
2473,657,1,310
2474,657,Retro,224
2475,657,High,115
2476,658,Jordan,383
2477,658,6,20
2478,658,Retro,224
2479,659,Vans,1
2480,659,Old,1
2481,659,Skool,1
2482,660,Jordan,383
2483,660,1,310
2484,660,Retro,224
2485,660,High,115
2486,660,OG,39
2487,661,Jordan,383
2488,661,11,17
2489,661,Retro,224
2490,662,Nike,373
2491,662,Hot,2
2492,662,Step,2
2493,662,Air,140
2494,662,Terra,2
2495,663,Nike,373
2496,663,Air,140
2497,663,More,4
2498,663,Uptempo,4
2499,663,96,2
2500,664,New,57
2501,664,Balance,57
2502,664,2002R,13
2503,665,Jordan,383
2504,665,11,17
2505,665,Retro,224
2506,665,Low,278
2507,666,adidas,126
2508,666,Yeezy,92
2509,666,Boost,48
2510,666,700,14
2511,666,V2,32
2512,667,adidas,126
2513,667,NMD,3
2514,667,R1,2
2515,667,Primeblue,2
2516,668,Nike,373
2517,668,Dunk,178
2518,668,Low,278
2519,669,Jordan,383
2520,669,5,22
2521,669,Retro,224
2522,670,Nike,373
2523,670,Dunk,178
2524,670,High,115
2525,671,Jordan,383
2526,671,12,10
2527,671,Retro,224
2528,672,Converse,9
2529,672,One,4
2530,672,Star,2
2531,672,Ox,2
2532,673,Jordan,383
2533,673,1,310
2534,673,Low,278
2535,673,SE,41
2536,674,adidas,126
2537,674,Yeezy,92
2538,674,500,6
2539,675,New,57
2540,675,Balance,57
2541,675,550,26
2542,676,New,57
2543,676,Balance,57
2544,676,992,1
2545,677,Jordan,383
2546,677,4,31
2547,677,Retro,224
2548,678,adidas,126
2549,678,Yeezy,92
2550,678,700,14
2551,678,V3,8
2552,679,Jordan,383
2553,679,1,310
2554,679,Low,278
2555,680,adidas,126
2556,680,Yeezy,92
2557,680,700,14
2558,680,V3,8
2559,681,Nike,373
2560,681,SB,23
2561,681,Dunk,178
2562,681,High,115
2563,682,Nike,373
2564,682,Dunk,178
2565,682,High,115
2566,683,New,57
2567,683,Balance,57
2568,683,990v3,3
2569,684,Jordan,383
2570,684,4,31
2571,684,Retro,224
2572,684,Golf,10
2573,685,Jordan,383
2574,685,1,310
2575,685,Mid,113
2576,685,SE,41
2577,686,Nike,373
2578,686,Kyrie,4
2579,686,Flytrap,1
2580,686,4,31
2581,687,Nike,373
2582,687,Classic,4
2583,687,Cortez,6
2584,688,Nike,373
2585,688,Kyrie,4
2586,688,Low,278
2587,688,5,22
2588,689,Nike,373
2589,689,Dunk,178
2590,689,Low,278
2591,690,Nike,373
2592,690,Air,140
2593,690,Max,55
2594,690,90,9
2595,691,Jordan,383
2596,691,1,310
2597,691,Retro,224
2598,691,AJKO,3
2599,692,Nike,373
2600,692,Dunk,178
2601,692,High,115
2602,693,Jordan,383
2603,693,3,19
2604,693,Retro,224
2605,694,Jordan,383
2606,694,1,310
2607,694,Mid,113
2608,695,Jordan,383
2609,695,11,17
2610,695,Retro,224
2611,696,Jordan,383
2612,696,6,20
2613,696,Rings,3
2614,697,adidas,126
2615,697,Forum,10
2616,697,84,6
2617,697,Low,278
2618,698,Jordan,383
2619,698,1,310
2620,698,Low,278
2621,699,Jordan,383
2622,699,1,310
2623,699,Low,278
2624,699,SE,41
2625,700,Nike,373
2626,700,Air,140
2627,700,Force,43
2628,700,1,310
2629,700,Mid,113
2630,700,'07,17
2631,701,Nike,373
2632,701,Air,140
2633,701,Force,43
2634,701,1,310
2635,701,Low,278
2636,701,SP,22
2637,702,adidas,126
2638,702,Yeezy,92
2639,702,450,6
2640,703,Nike,373
2641,703,Dunk,178
2642,703,Low,278
2643,703,NH,2
2644,704,Nike,373
2645,704,Dunk,178
2646,704,Low,278
2647,705,adidas,126
2648,705,Yeezy,92
2649,705,Boost,48
2650,705,350,32
2651,705,V2,32
2652,706,Nike,373
2653,706,Blazer,21
2654,706,Low,278
2655,706,Platform,1
2656,707,Jordan,383
2657,707,1,310
2658,707,Low,278
2659,708,Nike,373
2660,708,Dunk,178
2661,708,High,115
2662,709,Nike,373
2663,709,Air,140
2664,709,Max,55
2665,709,Penny,4
2666,709,1,310
2667,710,Nike,373
2668,710,Air,140
2669,710,Max,55
2670,710,90,9
2671,710,Terrascape,6
2672,711,Jordan,383
2673,711,1,310
2674,711,Retro,224
2675,711,High,115
2676,712,Nike,373
2677,712,Dunk,178
2678,712,Low,278
2679,713,New,57
2680,713,Balance,57
2681,713,550,26
2682,714,Jordan,383
2683,714,1,310
2684,714,Mid,113
2685,715,Jordan,383
2686,715,1,310
2687,715,Low,278
2688,716,Nike,373
2689,716,Air,140
2690,716,Max,55
2691,716,95,4
2692,717,Nike,373
2693,717,Air,140
2694,717,Trainer,5
2695,717,1,310
2696,717,SP,22
2697,718,Jordan,383
2698,718,1,310
2699,718,Retro,224
2700,718,Low,278
2701,718,OG,39
2702,718,SP,22
2703,719,Air,140
2704,719,Jordan,383
2705,719,1,310
2706,719,Low,278
2707,720,Jordan,383
2708,720,1,310
2709,720,Mid,113
2710,721,Jordan,383
2711,721,1,310
2712,721,Retro,224
2713,721,Low,278
2714,721,Golf,10
2715,722,Nike,373
2716,722,Dunk,178
2717,722,Low,278
2718,723,Jordan,383
2719,723,4,31
2720,723,Retro,224
2721,724,Jordan,383
2722,724,1,310
2723,724,Elevate,2
2724,724,Low,278
2725,725,Jordan,383
2726,725,2,18
2727,725,Retro,224
2728,725,SP,22
2729,726,New,57
2730,726,Balance,57
2731,726,57/40,1
2732,727,Nike,373
2733,727,Dunk,178
2734,727,Low,278
2735,728,Nike,373
2736,728,Dunk,178
2737,728,Low,278
2738,728,Disrupt,6
2739,728,2,18
2740,729,Nike,373
2741,729,Air,140
2742,729,Force,43
2743,729,1,310
2744,729,Low,278
2745,729,Gore-Tex,2
2746,730,New,57
2747,730,Balance,57
2748,730,2002R,13
2749,731,Jordan,383
2750,731,1,310
2751,731,Retro,224
2752,731,Low,278
2753,731,OG,39
2754,731,SP,22
2755,732,Nike,373
2756,732,Dunk,178
2757,732,High,115
2758,733,Jordan,383
2759,733,1,310
2760,733,Mid,113
2761,734,Jordan,383
2762,734,1,310
2763,734,Low,278
2764,734,SE,41
2765,735,Nike,373
2766,735,Air,140
2767,735,More,4
2768,735,Uptempo,4
2769,736,Jordan,383
2770,736,1,310
2771,736,Mid,113
2772,737,Jordan,383
2773,737,1,310
2774,737,Elevate,2
2775,737,Low,278
2776,737,SE,41
2777,738,Nike,373
2778,738,Air,140
2779,738,Force,43
2780,738,1,310
2781,738,Low,278
2782,738,Shadow,2
2783,739,Jordan,383
2784,739,5,22
2785,739,Retro,224
2786,740,Jordan,383
2787,740,5,22
2788,740,Retro,224
2789,741,Nike,373
2790,741,Dunk,178
2791,741,High,115
2792,741,Retro,224
2793,742,Nike,373
2794,742,Dunk,178
2795,742,Low,278
2796,743,Jordan,383
2797,743,1,310
2798,743,Mid,113
2799,744,Jordan,383
2800,744,1,310
2801,744,High,115
2802,744,Zoom,11
2803,744,Air,140
2804,744,CMFT,7
2805,745,New,57
2806,745,Balance,57
2807,745,2002R,13
2808,746,Nike,373
2809,746,Dunk,178
2810,746,Low,278
2811,746,LX,6
2812,747,Nike,373
2813,747,Killshot,2
2814,747,2,18
2815,747,Leather,1
2816,748,Jordan,383
2817,748,4,31
2818,748,Retro,224
2819,749,Nike,373
2820,749,SB,23
2821,749,Dunk,178
2822,749,High,115
2823,749,Pro,9
2824,749,Premium,5
2825,750,Jordan,383
2826,750,1,310
2827,750,Mid,113
2828,750,SE,41
2829,751,adidas,126
2830,751,Yeezy,92
2831,751,Knit,1
2832,751,RNR,6
2833,752,Puma,9
2834,752,LaMelo,9
2835,752,Ball,9
2836,752,MB.01,9
2837,753,adidas,126
2838,753,Yeezy,92
2839,753,Boost,48
2840,753,350,32
2841,753,V2,32
2842,754,Jordan,383
2843,754,1,310
2844,754,Mid,113
2845,754,SE,41
2846,755,adidas,126
2847,755,Yeezy,92
2848,755,Boost,48
2849,755,350,32
2850,755,V2,32
2851,756,Puma,9
2852,756,LaMelo,9
2853,756,Ball,9
2854,756,MB.01,9
2855,757,Jordan,383
2856,757,7,7
2857,757,Retro,224
2858,757,SE,41
2859,758,Jordan,383
2860,758,1,310
2861,758,Mid,113
2862,759,Nike,373
2863,759,Epic,1
2864,759,Phantom,2
2865,759,React,5
2866,759,Flyknit,6
2867,760,adidas,126
2868,760,Ultra,8
2869,760,Boost,48
2870,760,DNA,6
2871,760,4.0,4
2872,761,Nike,373
2873,761,Air,140
2874,761,Force,43
2875,761,1,310
2876,761,Low,278
2877,761,Shadow,2
2878,762,Nike,373
2879,762,Air,140
2880,762,Max,55
2881,762,Goadome,1
2882,763,adidas,126
2883,763,Yeezy,92
2884,763,350,32
2885,763,V2,32
2886,763,CMPCT,1
2887,764,Jordan,383
2888,764,1,310
2889,764,Low,278
2890,764,FlyEase,2
2891,765,adidas,126
2892,765,Yeezy,92
2893,765,Slide,16
2894,766,Nike,373
2895,766,Air,140
2896,766,Force,43
2897,766,1,310
2898,766,Low,278
2899,766,SP,22
2900,767,Nike,373
2901,767,LD,5
2902,767,Waffle,6
2903,768,Nike,373
2904,768,Air,140
2905,768,VaporMax,11
2906,768,2020,3
2907,768,Flyknit,6
2908,769,Nike,373
2909,769,Dunk,178
2910,769,Low,278
2911,769,SE,41
2912,770,Nike,373
2913,770,Dunk,178
2914,770,High,115
2915,770,1985,1
2916,770,SP,22
2917,771,Jordan,383
2918,771,1,310
2919,771,Low,278
2920,772,New,57
2921,772,Balance,57
2922,772,530,4
2923,773,Converse,9
2924,773,DRKSHDW,1
2925,773,DRKSTAR,1
2926,773,Hi,7
2927,774,adidas,126
2928,774,Yeezy,92
2929,774,450,6
2930,775,adidas,126
2931,775,Forum,10
2932,775,Low,278
2933,776,Jordan,383
2934,776,6,20
2935,776,Retro,224
2936,777,adidas,126
2937,777,Yeezy,92
2938,777,Boost,48
2939,777,350,32
2940,777,V2,32
2941,778,Nike,373
2942,778,LeBron,3
2943,778,9,6
2944,778,Low,278
2945,779,Jordan,383
2946,779,1,310
2947,779,Retro,224
2948,779,High,115
2949,779,OG,39
2950,780,adidas,126
2951,780,Yeezy,92
2952,780,700,14
2953,780,V3,8
2954,781,Jordan,383
2955,781,1,310
2956,781,Low,278
2957,782,adidas,126
2958,782,Adilette,5
2959,782,22,5
2960,782,Slides,5
2961,783,adidas,126
2962,783,Yeezy,92
2963,783,Desert,1
2964,783,Boot,1
2965,784,Jordan,383
2966,784,1,310
2967,784,Mid,113
2968,785,adidas,126
2969,785,Yeezy,92
2970,785,450,6
2971,786,adidas,126
2972,786,NMD,3
2973,786,R1,2
2974,786,Primeblue,2
2975,787,Jordan,383
2976,787,6,20
2977,787,Retro,224
2978,788,adidas,126
2979,788,Campus,1
2980,788,80s,1
2981,789,Nike,373
2982,789,Dunk,178
2983,789,Low,278
2984,790,Jordan,383
2985,790,1,310
2986,790,Mid,113
2987,790,SE,41
2988,791,Nike,373
2989,791,Air,140
2990,791,Max,55
2991,791,90,9
2992,792,adidas,126
2993,792,Ultra,8
2994,792,Boost,48
2995,792,5.0,3
2996,792,DNA,6
2997,793,Nike,373
2998,793,Dunk,178
2999,793,Low,278
3000,793,SE,41
3001,794,Jordan,383
3002,794,1,310
3003,794,Low,278
3004,794,OG,39
3005,795,Nike,373
3006,795,Dunk,178
3007,795,Low,278
3008,796,adidas,126
3009,796,Adilette,5
3010,796,22,5
3011,796,Slides,5
3012,797,Nike,373
3013,797,Dunk,178
3014,797,Low,278
3015,797,SE,41
3016,798,Nike,373
3017,798,Air,140
3018,798,Max,55
3019,798,Terrascape,6
3020,798,Plus,8
3021,799,Jordan,383
3022,799,3,19
3023,799,Retro,224
3024,800,Jordan,383
3025,800,11,17
3026,800,Retro,224
3027,801,Jordan,383
3028,801,6,20
3029,801,Retro,224
3030,802,Nike,373
3031,802,SB,23
3032,802,Dunk,178
3033,802,Low,278
3034,803,adidas,126
3035,803,Yeezy,92
3036,803,700,14
3037,803,V3,8
3038,804,Nike,373
3039,804,Air,140
3040,804,Force,43
3041,804,1,310
3042,804,Low,278
3043,804,React,5
3044,804,Split,2
3045,805,Nike,373
3046,805,Dunk,178
3047,805,Low,278
3048,805,Disrupt,6
3049,805,2,18
3050,806,Jordan,383
3051,806,1,310
3052,806,Low,278
3053,807,Jordan,383
3054,807,1,310
3055,807,Retro,224
3056,807,High,115
3057,808,Nike,373
3058,808,Air,140
3059,808,Force,43
3060,808,1,310
3061,808,Low,278
3062,809,Jordan,383
3063,809,4,31
3064,809,Retro,224
3065,810,adidas,126
3066,810,Yeezy,92
3067,810,Boost,48
3068,810,380,3
3069,811,Nike,373
3070,811,Air,140
3071,811,Trainer,5
3072,811,SC,1
3073,811,High,115
3074,812,Nike,373
3075,812,Air,140
3076,812,Presto,2
3077,813,Jordan,383
3078,813,1,310
3079,813,Low,278
3080,813,OG,39
3081,813,EX,1
3082,814,Jordan,383
3083,814,1,310
3084,814,Retro,224
3085,814,High,115
3086,814,OG,39
3087,815,Jordan,383
3088,815,1,310
3089,815,Retro,224
3090,815,High,115
3091,816,Jordan,383
3092,816,1,310
3093,816,Mid,113
3094,816,SE,41
3095,817,Jordan,383
3096,817,1,310
3097,817,Mid,113
3098,818,Nike,373
3099,818,Dunk,178
3100,818,Low,278
3101,819,Jordan,383
3102,819,1,310
3103,819,High,115
3104,819,Zoom,11
3105,819,Air,140
3106,819,CMFT,7
3107,820,Nike,373
3108,820,Air,140
3109,820,Zoom,11
3110,820,G.T.,2
3111,820,Cut,2
3112,821,Nike,373
3113,821,Dunk,178
3114,821,Low,278
3115,822,Jordan,383
3116,822,1,310
3117,822,Mid,113
3118,823,Jordan,383
3119,823,1,310
3120,823,Mid,113
3121,824,Jordan,383
3122,824,1,310
3123,824,Retro,224
3124,824,High,115
3125,825,Nike,373
3126,825,Blazer,21
3127,825,Mid,113
3128,825,77,12
3129,825,Jumbo,1
3130,826,Nike,373
3131,826,Cortez,6
3132,827,New,57
3133,827,Balance,57
3134,827,1906R,2
3135,828,Jordan,383
3136,828,1,310
3137,828,Retro,224
3138,828,High,115
3139,829,adidas,126
3140,829,Yeezy,92
3141,829,Boost,48
3142,829,350,32
3143,829,V2,32
3144,830,Jordan,383
3145,830,6,20
3146,830,Retro,224
3147,831,Nike,373
3148,831,P-6000,1
3149,832,Jordan,383
3150,832,1,310
3151,832,High,115
3152,832,Element,5
3153,833,Jordan,383
3154,833,1,310
3155,833,Mid,113
3156,834,adidas,126
3157,834,Forum,10
3158,834,84,6
3159,834,Low,278
3160,835,Nike,373
3161,835,Dunk,178
3162,835,High,115
3163,836,New,57
3164,836,Balance,57
3165,836,1500,1
3166,836,MiUK,1
3167,837,Jordan,383
3168,837,11,17
3169,837,Retro,224
3170,838,adidas,126
3171,838,Yeezy,92
3172,838,500,6
3173,839,Jordan,383
3174,839,1,310
3175,839,Retro,224
3176,839,High,115
3177,840,Jordan,383
3178,840,1,310
3179,840,Low,278
3180,841,Jordan,383
3181,841,6,20
3182,841,Retro,224
3183,842,Nike,373
3184,842,Air,140
3185,842,Force,43
3186,842,1,310
3187,842,Low,278
3188,842,'07,17
3189,843,adidas,126
3190,843,Ultra,8
3191,843,Boost,48
3192,843,1.0,1
3193,844,Jordan,383
3194,844,Luka,1
3195,844,1,310
3196,845,Jordan,383
3197,845,1,310
3198,845,Retro,224
3199,845,High,115
3200,845,OG,39
3201,846,Nike,373
3202,846,Air,140
3203,846,Max,55
3204,846,1,310
3205,847,adidas,126
3206,847,Yeezy,92
3207,847,Boost,48
3208,847,350,32
3209,847,V2,32
3210,848,Nike,373
3211,848,Air,140
3212,848,VaporMax,11
3213,848,2020,3
3214,848,Flyknit,6
3215,849,Converse,9
3216,849,Chuck,6
3217,849,Taylor,6
3218,849,All-Star,6
3219,849,70,5
3220,849,Ox,2
3221,850,Nike,373
3222,850,Squash-Type,1
3223,851,Nike,373
3224,851,Air,140
3225,851,Adjust,1
3226,851,Force,43
3227,852,Nike,373
3228,852,LD,5
3229,852,Waffle,6
3230,852,SF,2
3231,853,Nike,373
3232,853,Dunk,178
3233,853,Low,278
3234,854,Jordan,383
3235,854,1,310
3236,854,Mid,113
3237,855,Nike,373
3238,855,React,5
3239,855,Element,5
3240,855,55,1
3241,856,Nike,373
3242,856,Dunk,178
3243,856,High,115
3244,857,Jordan,383
3245,857,ADG,1
3246,857,3,19
3247,857,Golf,10
3248,858,New,57
3249,858,Balance,57
3250,858,550,26
3251,859,New,57
3252,859,Balance,57
3253,859,9060,2
3254,860,adidas,126
3255,860,Yeezy,92
3256,860,Boost,48
3257,860,700,14
3258,860,MNVN,3
3259,861,Nike,373
3260,861,SB,23
3261,861,Dunk,178
3262,861,Low,278
3263,862,New,57
3264,862,Balance,57
3265,862,550,26
3266,863,Jordan,383
3267,863,5,22
3268,863,Retro,224
3269,864,Jordan,383
3270,864,1,310
3271,864,Retro,224
3272,864,High,115
3273,865,Nike,373
3274,865,Air,140
3275,865,Force,43
3276,865,1,310
3277,865,Low,278
3278,865,'07,17
3279,865,LV8,3
3280,866,Jordan,383
3281,866,6,20
3282,866,Retro,224
3283,867,Puma,9
3284,867,LaMelo,9
3285,867,Ball,9
3286,867,MB.01,9
3287,868,Nike,373
3288,868,Air,140
3289,868,Monarch,1
3290,868,IV,1
3291,869,Nike,373
3292,869,Blazer,21
3293,869,Low,278
3294,869,77,12
3295,870,Jordan,383
3296,870,1,310
3297,870,Low,278
3298,871,Jordan,383
3299,871,13,10
3300,871,Retro,224
3301,872,Jordan,383
3302,872,5,22
3303,872,Retro,224
3304,873,Nike,373
3305,873,Air,140
3306,873,Force,43
3307,873,1,310
3308,873,Low,278
3309,874,Nike,373
3310,874,SB,23
3311,874,Dunk,178
3312,874,Low,278
3313,875,Jordan,383
3314,875,1,310
3315,875,Retro,224
3316,875,High,115
3317,876,Jordan,383
3318,876,3,19
3319,876,Retro,224
3320,877,Crocs,6
3321,877,Classic,4
3322,877,Clog,6
3323,878,Jordan,383
3324,878,1,310
3325,878,High,115
3326,878,Zoom,11
3327,878,Air,140
3328,878,CMFT,7
3329,879,Jordan,383
3330,879,8,2
3331,879,Retro,224
3332,880,adidas,126
3333,880,Velosamba,1
3334,881,Nike,373
3335,881,Air,140
3336,881,VaporMax,11
3337,881,Plus,8
3338,882,New,57
3339,882,Balance,57
3340,882,2002R,13
3341,883,Nike,373
3342,883,Air,140
3343,883,Max,55
3344,883,2013,3
3345,884,Nike,373
3346,884,Dunk,178
3347,884,High,115
3348,885,adidas,126
3349,885,Yeezy,92
3350,885,Boost,48
3351,885,700,14
3352,886,Jordan,383
3353,886,1,310
3354,886,Retro,224
3355,886,AJKO,3
3356,887,Jordan,383
3357,887,1,310
3358,887,Mid,113
3359,887,SE,41
3360,888,Jordan,383
3361,888,1,310
3362,888,Low,278
3363,889,Nike,373
3364,889,Air,140
3365,889,Max,55
3366,889,1,310
3367,889,SH,1
3368,890,Jordan,383
3369,890,1,310
3370,890,Retro,224
3371,890,High,115
3372,891,Jordan,383
3373,891,1,310
3374,891,Low,278
3375,891,SE,41
3376,892,Jordan,383
3377,892,1,310
3378,892,Low,278
3379,893,Jordan,383
3380,893,1,310
3381,893,Low,278
3382,894,New,57
3383,894,Balance,57
3384,894,2002R,13
3385,895,Nike,373
3386,895,Air,140
3387,895,Max,55
3388,895,270,4
3389,895,React,5
3390,896,Nike,373
3391,896,Blazer,21
3392,896,Mid,113
3393,896,Infinite,1
3394,897,Nike,373
3395,897,Air,140
3396,897,VaporMax,11
3397,897,2021,5
3398,897,FK,4
3399,898,Nike,373
3400,898,Air,140
3401,898,Force,43
3402,898,1,310
3403,898,Low,278
3404,898,Crater,1
3405,898,Flyknit,6
3406,899,Nike,373
3407,899,Dunk,178
3408,899,Low,278
3409,900,Jordan,383
3410,900,1,310
3411,900,High,115
3412,900,OG,39
3413,901,Jordan,383
3414,901,1,310
3415,901,Low,278
3416,902,Jordan,383
3417,902,1,310
3418,902,Mid,113
3419,903,Nike,373
3420,903,SB,23
3421,903,Dunk,178
3422,903,High,115
3423,904,Nike,373
3424,904,Blazer,21
3425,904,Mid,113
3426,904,77,12
3427,904,Vintage,5
3428,905,Jordan,383
3429,905,1,310
3430,905,Mid,113
3431,905,SE,41
3432,906,New,57
3433,906,Balance,57
3434,906,2002R,13
3435,907,Jordan,383
3436,907,1,310
3437,907,Mid,113
3438,908,Nike,373
3439,908,Dunk,178
3440,908,High,115
3441,909,Jordan,383
3442,909,1,310
3443,909,Mid,113
3444,910,adidas,126
3445,910,Yeezy,92
3446,910,Slide,16
3447,911,Nike,373
3448,911,Air,140
3449,911,Max,55
3450,911,1,310
3451,912,New,57
3452,912,Balance,57
3453,912,990v5,2
3454,913,Nike,373
3455,913,Blazer,21
3456,913,Mid,113
3457,914,New,57
3458,914,Balance,57
3459,914,2002R,13
3460,915,Jordan,383
3461,915,6,20
3462,915,Retro,224
3463,916,Nike,373
3464,916,Blazer,21
3465,916,Mid,113
3466,916,77,12
3467,917,Nike,373
3468,917,Vaporwaffle,2
3469,918,Jordan,383
3470,918,5,22
3471,918,Retro,224
3472,919,Jordan,383
3473,919,1,310
3474,919,Retro,224
3475,919,High,115
3476,919,85,3
3477,920,Jordan,383
3478,920,3,19
3479,920,Retro,224
3480,921,adidas,126
3481,921,Yeezy,92
3482,921,450,6
3483,922,Nike,373
3484,922,Blazer,21
3485,922,Mid,113
3486,922,77,12
3487,922,Vintage,5
3488,923,Nike,373
3489,923,Dunk,178
3490,923,Low,278
3491,923,Essential,5
3492,924,Jordan,383
3493,924,8,2
3494,924,Retro,224
3495,924,SE,41
3496,925,New,57
3497,925,Balance,57
3498,925,990v3,3
3499,926,Nike,373
3500,926,Court,1
3501,926,Legacy,1
3502,926,Lift,2
3503,927,Jordan,383
3504,927,1,310
3505,927,Mid,113
3506,928,Nike,373
3507,928,Air,140
3508,928,Max,55
3509,928,1,310
3510,928,PRM,3
3511,929,Jordan,383
3512,929,4,31
3513,929,Retro,224
3514,930,Jordan,383
3515,930,13,10
3516,930,Retro,224
3517,931,Jordan,383
3518,931,1,310
3519,931,Retro,224
3520,931,High,115
3521,932,Nike,373
3522,932,SB,23
3523,932,Dunk,178
3524,932,High,115
3525,933,Nike,373
3526,933,Air,140
3527,933,VaporMax,11
3528,933,2020,3
3529,933,Flyknit,6
3530,934,Nike,373
3531,934,Dunk,178
3532,934,Low,278
3533,934,LX,6
3534,935,adidas,126
3535,935,Crazy,1
3536,935,1,310
3537,936,Nike,373
3538,936,LD,5
3539,936,Waffle,6
3540,937,Jordan,383
3541,937,5,22
3542,937,Retro,224
3543,938,Nike,373
3544,938,Air,140
3545,938,Max,55
3546,938,1,310
3547,939,Nike,373
3548,939,Dunk,178
3549,939,Low,278
3550,940,adidas,126
3551,940,Yeezy,92
3552,940,Boost,48
3553,940,700,14
3554,940,MNVN,3
3555,941,adidas,126
3556,941,Yeezy,92
3557,941,Slide,16
3558,942,Jordan,383
3559,942,1,310
3560,942,Mid,113
3561,943,Nike,373
3562,943,SB,23
3563,943,Dunk,178
3564,943,High,115
3565,943,Pro,9
3566,943,ISO,2
3567,944,Nike,373
3568,944,Kyrie,4
3569,944,7,7
3570,945,Jordan,383
3571,945,1,310
3572,945,Mid,113
3573,946,Jordan,383
3574,946,13,10
3575,946,Retro,224
3576,947,Nike,373
3577,947,Air,140
3578,947,VaporMax,11
3579,947,2021,5
3580,947,FK,4
3581,948,Jordan,383
3582,948,6,20
3583,948,Rings,3
3584,949,Jordan,383
3585,949,13,10
3586,949,Retro,224
3587,950,Nike,373
3588,950,Air,140
3589,950,Force,43
3590,950,1,310
3591,950,Low,278
3592,951,Nike,373
3593,951,Dunk,178
3594,951,Low,278
3595,952,adidas,126
3596,952,Yeezy,92
3597,952,Slide,16
3598,953,Jordan,383
3599,953,1,310
3600,953,Retro,224
3601,953,High,115
3602,954,Nike,373
3603,954,M2K,2
3604,954,Tekno,2
3605,955,New,57
3606,955,Balance,57
3607,955,550,26
3608,956,Nike,373
3609,956,Air,140
3610,956,Max,55
3611,956,97,7
3612,957,Jordan,383
3613,957,1,310
3614,957,Mid,113
3615,958,Nike,373
3616,958,Air,140
3617,958,Max,55
3618,958,1,310
3619,958,Premium,5
3620,959,Jordan,383
3621,959,1,310
3622,959,Retro,224
3623,959,High,115
3624,960,adidas,126
3625,960,Superstar,1
3626,960,AEC,1
3627,961,Nike,373
3628,961,Air,140
3629,961,Force,43
3630,961,1,310
3631,961,Low,278
3632,962,New,57
3633,962,Balance,57
3634,962,550,26
3635,963,Jordan,383
3636,963,1,310
3637,963,Low,278
3638,964,Nike,373
3639,964,Air,140
3640,964,Max,55
3641,964,95,4
3642,965,adidas,126
3643,965,Ultra,8
3644,965,Boost,48
3645,965,GORE-TEX,1
3646,966,A,3
3647,966,Bathing,3
3648,966,Ape,3
3649,966,BAPE,3
3650,966,Sta,3
3651,967,Nike,373
3652,967,Dunk,178
3653,967,Low,278
3654,968,Jordan,383
3655,968,11,17
3656,968,Retro,224
3657,968,Low,278
3658,968,IE,1
3659,969,Jordan,383
3660,969,7,7
3661,969,Retro,224
3662,970,Nike,373
3663,970,Air,140
3664,970,Max,55
3665,970,1,310
3666,970,SP,22
3667,971,Nike,373
3668,971,Dunk,178
3669,971,Low,278
3670,972,Jordan,383
3671,972,1,310
3672,972,Retro,224
3673,972,High,115
